Workbook

Sheet Identification
A1: ARCEP Gabon — Module M14 · Gabarit de collecte N0 (REGISTRE-PSP · trimestriel)
A2: Document opposable — décision ARCEP fixant les gabarits (REF-06). Niveau N0 : données déclarées.
A4: Opérateur hôte | B4: Exemple SA
A5: Identifiant ARCEP | B5: GA-OP-000
A6: Période déclarée (trimestre, AAAA-Tn) | B6: 2026-T3
A7: Date de dépôt (AAAA-MM-JJ) | B7: 2026-08-15
A8: Nom et fonction du déclarant | B8: A. NDONG — Directeur régulation
A9: Courriel du déclarant | B9: declarant@exemple.ga
A10: Téléphone du déclarant | B10: +241 06 00 00 00
A12: Rappels réglementaires :
A13: • Le dépôt s'effectue sur le portail ARCEP (SSO) accompagné du manifeste signé (hash SHA-256 du fichier) — EX-L2-01.
A14: • Toute cellule jaune non renseignée doit être justifiée en commentaire ; un lot incomplet peut être rejeté (EX-L2-02).
A15: • Les valeurs déclarées portent le drapeau « déclaré » et sont recoupées par les mesures indépendantes de l'ARCEP (N3) ;
A16: • tout écart au-delà des seuils du dictionnaire L4 déclenche la procédure contradictoire (L3.5 / L10).
A17: • Aucune donnée nominative ne doit figurer dans ce gabarit (loi n°001/2011).
A19: Légende :
B20: Cellule JAUNE : à renseigner par le déclarant.
B21: Cellule ORANGÉE : exemple de format — à remplacer par vos valeurs réelles.
B22: Cellule BLEUE : calcul automatique — ne pas modifier.

Sheet Demandes
A1: Registre des demandes de raccordement des PSP/fintechs — support de AT-01 / AT-02
A2: Une ligne par demande (y compris closes sur la période et en stock). Jalons : J0 dépôt complet ; J1 accusé (≤ 5 j ouvrés) ; J2 réponse technique et commerciale (≤ 30 j) ; J3 mise en service (≤ 90 j) — délais HYP-10, à confirmer par décision (REF-06).
A5: Identifiant demande | B5: PSP / fintech (raison sociale) | C5: Canal demandé | D5: J0 — dépôt réputé complet | E5: J1 — accusé de réception | F5: J2 — réponse technique et commerciale | G5: J3 — mise en service | H5: Statut | I5: Motif de refus / observations | J5: Délai J0→J1 (jours ouvrés) — calcul | K5: Délai J0→J2 (jours) — calcul | L5: Délai J0→J3 (jours) — calcul | M5: Conformité des délais — calcul
A6: RAC-2026-001 | B6: PayGabon SARL | C6: API de gros | D6: 46118 | E6: 46120 | F6: 46142 | G6: 46198 | H6: EN_SERVICE | J6: =IF(OR(D6="",E6=""),"",NETWORKDAYS(D6,E6)-1) | K6: =IF(OR(D6="",F6=""),"",F6-D6) | L6: =IF(OR(D6="",G6=""),"",G6-D6) | M6: =IF(D6="","",IF(OR(AND(J6<>"",J6>5),AND(K6<>"",K6>30),AND(L6<>"",L6>90)),"DÉPASSÉ","OK"))
J7: =IF(OR(D7="",E7=""),"",NETWORKDAYS(D7,E7)-1) | K7: =IF(OR(D7="",F7=""),"",F7-D7) | L7: =IF(OR(D7="",G7=""),"",G7-D7) | M7: =IF(D7="","",IF(OR(AND(J7<>"",J7>5),AND(K7<>"",K7>30),AND(L7<>"",L7>90)),"DÉPASSÉ","OK"))
J8: =IF(OR(D8="",E8=""),"",NETWORKDAYS(D8,E8)-1) | K8: =IF(OR(D8="",F8=""),"",F8-D8) | L8: =IF(OR(D8="",G8=""),"",G8-D8) | M8: =IF(D8="","",IF(OR(AND(J8<>"",J8>5),AND(K8<>"",K8>30),AND(L8<>"",L8>90)),"DÉPASSÉ","OK"))
J9: =IF(OR(D9="",E9=""),"",NETWORKDAYS(D9,E9)-1) | K9: =IF(OR(D9="",F9=""),"",F9-D9) | L9: =IF(OR(D9="",G9=""),"",G9-D9) | M9: =IF(D9="","",IF(OR(AND(J9<>"",J9>5),AND(K9<>"",K9>30),AND(L9<>"",L9>90)),"DÉPASSÉ","OK"))
J10: =IF(OR(D10="",E10=""),"",NETWORKDAYS(D10,E10)-1) | K10: =IF(OR(D10="",F10=""),"",F10-D10) | L10: =IF(OR(D10="",G10=""),"",G10-D10) | M10: =IF(D10="","",IF(OR(AND(J10<>"",J10>5),AND(K10<>"",K10>30),AND(L10<>"",L10>90)),"DÉPASSÉ","OK"))
J11: =IF(OR(D11="",E11=""),"",NETWORKDAYS(D11,E11)-1) | K11: =IF(OR(D11="",F11=""),"",F11-D11) | L11: =IF(OR(D11="",G11=""),"",G11-D11) | M11: =IF(D11="","",IF(OR(AND(J11<>"",J11>5),AND(K11<>"",K11>30),AND(L11<>"",L11>90)),"DÉPASSÉ","OK"))
J12: =IF(OR(D12="",E12=""),"",NETWORKDAYS(D12,E12)-1) | K12: =IF(OR(D12="",F12=""),"",F12-D12) | L12: =IF(OR(D12="",G12=""),"",G12-D12) | M12: =IF(D12="","",IF(OR(AND(J12<>"",J12>5),AND(K12<>"",K12>30),AND(L12<>"",L12>90)),"DÉPASSÉ","OK"))
J13: =IF(OR(D13="",E13=""),"",NETWORKDAYS(D13,E13)-1) | K13: =IF(OR(D13="",F13=""),"",F13-D13) | L13: =IF(OR(D13="",G13=""),"",G13-D13) | M13: =IF(D13="","",IF(OR(AND(J13<>"",J13>5),AND(K13<>"",K13>30),AND(L13<>"",L13>90)),"DÉPASSÉ","OK"))
J14: =IF(OR(D14="",E14=""),"",NETWORKDAYS(D14,E14)-1) | K14: =IF(OR(D14="",F14=""),"",F14-D14) | L14: =IF(OR(D14="",G14=""),"",G14-D14) | M14: =IF(D14="","",IF(OR(AND(J14<>"",J14>5),AND(K14<>"",K14>30),AND(L14<>"",L14>90)),"DÉPASSÉ","OK"))
J15: =IF(OR(D15="",E15=""),"",NETWORKDAYS(D15,E15)-1) | K15: =IF(OR(D15="",F15=""),"",F15-D15) | L15: =IF(OR(D15="",G15=""),"",G15-D15) | M15: =IF(D15="","",IF(OR(AND(J15<>"",J15>5),AND(K15<>"",K15>30),AND(L15<>"",L15>90)),"DÉPASSÉ","OK"))
J16: =IF(OR(D16="",E16=""),"",NETWORKDAYS(D16,E16)-1) | K16: =IF(OR(D16="",F16=""),"",F16-D16) | L16: =IF(OR(D16="",G16=""),"",G16-D16) | M16: =IF(D16="","",IF(OR(AND(J16<>"",J16>5),AND(K16<>"",K16>30),AND(L16<>"",L16>90)),"DÉPASSÉ","OK"))
J17: =IF(OR(D17="",E17=""),"",NETWORKDAYS(D17,E17)-1) | K17: =IF(OR(D17="",F17=""),"",F17-D17) | L17: =IF(OR(D17="",G17=""),"",G17-D17) | M17: =IF(D17="","",IF(OR(AND(J17<>"",J17>5),AND(K17<>"",K17>30),AND(L17<>"",L17>90)),"DÉPASSÉ","OK"))
A19: … ajouter autant de lignes que nécessaire (recopier les formules des colonnes J à M).

Sheet Tarifs_gros
A1: Conditions tarifaires de gros des canaux — support de AT-03
A2: Une ligne par canal et par condition. « Standard » si l'offre est identique pour tous les PSP ; sinon une ligne par PSP. Les conventions de gros signées sont déposées en pièces jointes (accès restreint DJ/DMQ — EX-L8-03).
A4: Canal | B4: Unité facturée | C4: Tarif unitaire (XAF) | D4: PSP concerné (ou « Standard ») | E4: Date de la convention | F4: Date de dépôt à l'ARCEP
A5: USSD mutualisé | B5: Session USSD (≤ 90 s) | C5: 12 | D5: Standard | E5: 46037 | F5: 46042

Sheet Synthèse
A1: Synthèse calculée — AT-01 / AT-02 (ne rien saisir)
A2: Calculs automatiques sur le registre. La médiane AT-01 n'est significative qu'avec les demandes mises en service.
A4: Agrégat | B4: Valeur
A5: Nombre de demandes enregistrées sur la période | B5: =COUNTA(Demandes!A6:A17)
A6: Demandes mises en service | B6: =COUNTIF(Demandes!H6:H17,"EN_SERVICE")
A7: Demandes refusées | B7: =COUNTIF(Demandes!H6:H17,"REFUSEE")
A8: Demandes en cours (stock) | B8: =COUNTIF(Demandes!H6:H17,"EN_COURS")
A9: AT-01 — délai médian J0→J3 (jours) | B9: =IF(COUNT(Demandes!L6:L17)=0,"—",MEDIAN(Demandes!L6:L17))
A10: AT-01 — délai maximal J0→J3 (jours) | B10: =IF(COUNT(Demandes!L6:L17)=0,"—",MAX(Demandes!L6:L17))
A11: AT-02 — demandes en cours depuis plus de 30 jours (réponse J2 attendue) | B11: =SUMPRODUCT((Demandes!H6:H17="EN_COURS")*(Demandes!K6:K17="")*(Demandes!D6:D17<>"")*((TODAY()-Demandes!D6:D17)>30))
A12: AT-02 — demandes en cours depuis plus de 90 jours (mise en service J3 attendue) | B12: =SUMPRODUCT((Demandes!H6:H17="EN_COURS")*(Demandes!D6:D17<>"")*((TODAY()-Demandes!D6:D17)>90))
A13: Demandes avec au moins un délai réglementaire dépassé | B13: =COUNTIF(Demandes!M6:M17,"DÉPASSÉ")
A15: NB : les agrégats AT-02 utilisent TODAY() — la valeur affichée dépend de la date d'ouverture du fichier ;
A16: l'ARCEP recalcule ces indicateurs à l'ingestion sur la date de clôture de période.

Sheet Contrôles
A1: Contrôles de cohérence automatiques
A2: Tous les contrôles doivent afficher OK avant dépôt. Ne rien saisir dans cette feuille.
A4: Contrôle | B4: Résultat
A5: Chronologie des jalons respectée (J0 ≤ J1 ≤ J2 ≤ J3, lorsque renseignés) | B5: =IF(SUMPRODUCT((Demandes!E6:E17<>"")*(Demandes!D6:D17<>"")*(Demandes!E6:E17<Demandes!D6:D17))+SUMPRODUCT((Demandes!F6:F17<>"")*(Demandes!E6:E17<>"")*(Demandes!F6:F17<Demandes!E6:E17))+SUMPRODUCT((Demandes!G6:G17<>"")*(Demandes!F6:F17<>"")*(Demandes!G6:G17<Demandes!F6:F17))=0,"OK","À corriger") | D5: Statuts admis :
A6: Statut EN_SERVICE ⇒ date de mise en service J3 renseignée | B6: =IF(SUMPRODUCT((Demandes!H6:H17="EN_SERVICE")*(Demandes!G6:G17=""))=0,"OK","À corriger") | E6: EN_COURS
A7: Statut REFUSEE ⇒ motif de refus renseigné | B7: =IF(SUMPRODUCT((Demandes!H6:H17="REFUSEE")*(Demandes!I6:I17=""))=0,"OK","À corriger") | E7: EN_SERVICE
A8: Statuts admis uniquement (EN_COURS, EN_SERVICE, REFUSEE, ABANDONNEE) | B8: =IF(SUMPRODUCT((Demandes!H6:H17<>"")*(COUNTIF('Contrôles'!E6:E9,Demandes!H6:H17)=0))=0,"OK","À corriger") | E8: REFUSEE
A9: Tarifs de gros strictement positifs lorsqu'une ligne est renseignée | B9: =IF(SUMPRODUCT((Tarifs_gros!A5:A13<>"")*(Tarifs_gros!C5:C13<=0))=0,"OK","À corriger") | E9: ABANDONNEE
A11: SYNTHÈSE — le gabarit est-il cohérent ? | B11: =IF(COUNTIF(B5:B9,"À corriger")=0,"OK","À corriger")
